Model,True Positive,True Negative,False Positive,False Negative,Accuracy,Precision,Sensitivity,Specificity,MCC,Youden's J,F1-score,F0.5-score,Brier Score,ECE,AUC-ROC,Sample Size
SVM,162,150,64,60,0.7155963302752294,0.7168141592920354,0.7297297297297297,0.7009345794392523,0.43088203633616134,0.43066430916898213,0.7232142857142857,0.7193605683836589,0.19372289616707764,0.0637800714612581,0.7819525132609244,436
TabPFN-all,170,161,53,52,0.7591743119266054,0.7623318385650224,0.7657657657657657,0.7523364485981309,0.5181512964400498,0.5181022143638967,0.7640449438202247,0.763016157989228,0.17543123207198294,0.05532810389312034,0.8157573461311778,436
TabPFN-529,171,155,59,51,0.7477064220183486,0.7434782608695653,0.7702702702702703,0.7242990654205608,0.4952369399237963,0.49456933569083095,0.7566371681415929,0.7486865148861647,0.17930362666266106,0.06477424432309943,0.8080323313968174,436
TabPFN-100,167,151,63,55,0.7293577981651376,0.7260869565217392,0.7522522522522522,0.705607476635514,0.45847777992945254,0.45785972888776616,0.7389380530973452,0.7311733800350262,0.1820411679234592,0.06433879331164405,0.8045276584996212,436
