Predictor,Accuracy,Precision,Recall,F1-Score,AUC,Specificity,Sensitivity,MCC,Youden_J,Brier_Score,ECE,TN,FP,FN,TP
SVM_score,0.6926605504587156,0.6746031746031746,0.7657657657657657,0.7172995780590717,0.7745432348236085,0.616822429906542,0.7657657657657657,0.387262779537835,0.38258819567230784,0.19440572073744028,0.06779227012390299,132,82,52,170
TabPFN-all_score,0.7454128440366973,0.7381974248927039,0.7747747747747747,0.7560439560439561,0.8074429569756671,0.7149532710280374,0.7747747747747747,0.490808833385636,0.48972804580281215,0.18044009949901332,0.0844911415210142,153,61,50,172
TabPFN-529_score,0.7477064220183486,0.7413793103448276,0.7747747747747747,0.7577092511013217,0.803043697903511,0.719626168224299,0.7747747747747747,0.4953402148413013,0.49440094299907367,0.18213466799583208,0.06821371098251938,154,60,50,172
TabPFN-100_score,0.7201834862385321,0.7232142857142857,0.7297297297297297,0.726457399103139,0.7974235918161152,0.7102803738317757,0.7297297297297297,0.4401027509218402,0.4400101035615054,0.18528617133386838,0.06907138010264756,152,62,60,162
ANTIGENpro,0.6589327146171694,0.6225165562913907,0.8506787330316742,0.7189292543021033,0.7517560870502047,0.45714285714285713,0.8506787330316742,0.3359746691582042,0.30782159017453137,0.23541671615034263,0.17814687671006033,96,114,33,188
Vaxijen 3.0,0.658256880733945,0.6871794871794872,0.6036036036036037,0.6426858513189448,0.6906836743285342,0.7149532710280374,0.6036036036036037,0.320290847605421,0.31855687463164095,0.28438669724770643,0.2058175137231279,153,61,88,134
VaxiJen 2.0,0.6032110091743119,0.5758513931888545,0.8378378378378378,0.6825688073394496,0.6807906036878,0.3598130841121495,0.8378378378378378,0.2254975021113568,0.19765092194998735,0.2462372022022918,0.11185007788406014,77,137,36,186
