True Positive,True Negative,False Positive,False Negative,Accuracy,Precision,Sensitivity,Specificity,MCC,Youden's J,F1-score,F0.5-score,Brier Score,ECE,AUC-ROC
65,54,164,153,0.27293577981651373,0.2838427947598253,0.2981651376146789,0.24770642201834864,-0.4547076707973005,-0.45412844036697253,0.29082774049217003,0.2865961199294532,0.47086919769089963,0.47460327447827805,0.21447058328423532
