Model,True Positive,True Negative,False Positive,False Negative,Accuracy,Precision,Sensitivity,Specificity,MCC,Youden's J,F1-score,F0.5-score,Brier Score,ECE,AUC-ROC,Sample Size
SVM,170,132,82,52,0.6926605504587156,0.6746031746031746,0.7657657657657657,0.616822429906542,0.387262779537835,0.38258819567230784,0.7172995780590717,0.6910569105691057,0.19806635780668405,0.07963682732063952,0.7745432348236085,436
TabPFN-all,172,153,61,50,0.7454128440366973,0.7381974248927039,0.7747747747747747,0.7149532710280374,0.490808833385636,0.48972804580281215,0.756043956043956,0.7452339688041594,0.17929718562084004,0.06228900488910325,0.8074429569756671,436
TabPFN-529,172,154,60,50,0.7477064220183486,0.7413793103448276,0.7747747747747747,0.719626168224299,0.4953402148413013,0.49440094299907367,0.7577092511013216,0.7478260869565219,0.18120294780526974,0.06143378780795892,0.803043697903511,436
TabPFN-100,162,152,62,60,0.7201834862385321,0.7232142857142857,0.7297297297297297,0.7102803738317757,0.4401027509218402,0.4400101035615054,0.726457399103139,0.7245080500894454,0.18423887907701952,0.06326296423143203,0.7974235918161152,436
